peso,volumen_O2_max,umbral_lactato,volumen_sistolico,frecuencia_cardiaca_basal,porcentaje_fibras_lentas,porcentaje_fibras_rapidas,indice_masa_corporal,sexo,raza,edad,tipo_atleta
74.96714153011233,42.391160456649544,4.926177547531641,86.15150130833644,73.99355436586002,60.0,,20.386930907716412,Masculino,Africano,24.0,Fondista
68.61735698828815,64.17861947054776,5.9094166404701305,79.724730915755,69.24633682912769,37.0,63.0,22.910334252772135,,Latino,30.0,Velocista
76.47688538100692,76.22156197012633,2.6014324261808586,85.36190120534,60.59630369920174,68.0,32.0,24.202782751530176,Femenino,Latino,20.0,Fondista
85.23029856408026,65.32465260551147,4.562969236690571,115.80462694911759,53.53063222294426,32.0,68.0,19.01986538324843,Femenino,Africano,33.0,Velocista
67.65846625276664,39.80630034045987,3.349357430878173,85.75901666752085,66.9822331361359,,60.0,21.94007371384029,Femenino,Latino,26.0,
67.6586304305082,50.15765927133749,3.5128746162353037,139.48573097256087,63.934853854217494,32.0,68.0,20.000438556179454,Masculino,Asiático,25.0,Velocista
85.79212815507391,67.66911149186623,3.407606075761131,107.39976851321333,68.95193220027733,,49.0,26.81835847549388,Femenino,Asiático,37.0,Fondista
77.67434729152909,47.92330534381219,3.136009230320184,102.77254185542311,66.35171801681969,35.0,65.0,26.687378520586343,Masculino,Latino,30.0,Velocista
65.30525614065049,59.43819428146229,4.048521627944827,87.1246332972818,,31.0,69.0,19.022971480375446,Masculino,Latino,34.0,Velocista
75.42560043585965,62.74634053429337,3.1690498835889622,110.50464819113488,54.64764788439432,52.0,48.0,23.157653149252976,Masculino,Asiático,34.0,Fondista
65.36582307187538,45.730695284219166,4.2704568257798385,91.36543260643339,73.17394065634326,33.0,67.0,25.20279790243747,Femenino,Caucásico,34.0,
65.34270246429743,54.404746439382,3.949761890550863,101.83014721968043,61.975996046923996,31.0,,24.54498850112899,Femenino,Asiático,18.0,Velocista
72.41962271566034,22.58732659930927,3.7610519531335904,138.40126807403192,80.75260872625265,48.0,52.0,22.244689104953096,Femenino,Asiático,25.0,Velocista
50.86719755342202,44.756123586657104,3.092436337958402,98.55910150413025,53.10812181910432,46.0,54.0,25.919672385293044,Femenino,Latino,36.0,Velocista
52.75082167486967,52.4743184860684,3.4232286694316674,117.23909989428513,77.3596380316525,31.0,69.0,19.286455933031704,Femenino,Asiático,23.0,Velocista
64.37712470759027,42.52216818035151,4.755391225825756,89.45235362311169,61.979107834626475,41.0,59.0,21.090721166815925,Masculino,Latino,20.0,Velocista
59.87168879665576,71.32411303931636,4.500917187624381,99.47517264254557,53.48581996385552,52.0,48.0,19.367072740721277,Masculino,Latino,22.0,Fondista
73.14247332595274,40.69858622039367,3.022444755201449,126.56200953453265,55.16114165945678,53.0,47.0,24.347480484101865,Masculino,Africano,30.0,Fondista
60.91975924478789,50.599555133030165,4.099332305429225,90.5954941331835,56.7965269180568,37.0,63.0,20.252089377101644,Masculino,Asiático,32.0,Velocista
55.87696298664709,56.30740577286091,4.751387123371789,127.18672836995393,64.24165946401916,47.0,53.0,21.486252473688744,Femenino,Caucásico,31.0,Velocista
84.65648768921554,,2.3305947188786282,110.61627903183214,65.228354880355,73.0,27.0,23.853011104797247,Femenino,Africano,33.0,Fondista
67.74223699513465,40.6413784882056,4.543360192379935,91.56299836158598,54.26299996061421,59.0,41.0,24.094749741333448,Masculino,Latino,35.0,Fondista
70.67528204687923,66.63163752154959,3.3373762410541534,109.48611608583282,59.756454077390174,34.0,66.0,19.278620961234246,Femenino,Latino,39.0,Velocista
55.75251813786544,55.10233061019587,4.570598668593159,,81.42270358611864,32.0,68.0,25.169965851318377,Femenino,Caucásico,39.0,Velocista
64.55617275474818,45.18491348952049,3.236740843457483,109.32714943325794,77.27543170100711,58.0,42.0,23.367069006001753,Masculino,Latino,28.0,
71.10922589709867,59.62103474263271,,76.44662920164316,64.36323669674032,60.0,40.0,18.754891481258795,Masculino,Asiático,20.0,Fondista
58.490064225776976,56.9905969557347,2.3724575621168373,,60.380034781682,58.0,42.0,18.016852312730162,Femenino,Africano,39.0,Fondista
73.75698018345672,48.99783122841205,4.048084946661382,96.28722046672743,61.200313267182615,45.0,55.0,21.952540869213795,Femenino,Latino,27.0,Velocista
63.99361310081195,55.69802084990019,4.259722501721482,98.8834985634993,66.13517972730416,36.0,64.0,24.550281967950426,Masculino,Latino,27.0,Velocista
67.08306250206724,51.1468640313824,3.095683374895591,109.31008146326018,49.77207434801595,59.0,41.0,24.62714758720294,,Caucásico,38.0,Fondista
63.98293387770603,56.13517345251248,,102.66551501399881,57.42623462576655,45.0,55.0,23.068500631674528,Masculino,Asiático,33.0,
88.52278184508938,61.62130674521047,2.33847993773104,79.96983461934849,43.314159261224106,41.0,59.0,22.14602451498048,Femenino,Latino,29.0,Velocista
69.86502775262066,70.86016816145352,3.9339202013526835,105.70296776508945,,37.0,63.0,23.535213007237015,Masculino,Caucásico,19.0,Velocista
59.422890710440996,42.62184501173151,2.7889838002375433,,66.4719593970274,45.0,55.0,19.434008456832224,,Latino,26.0,Velocista
78.22544912103189,76.33033374656267,3.348163892197841,108.3968567189656,55.16813537700626,41.0,59.0,27.060963589076174,Femenino,Caucásico,20.0,Velocista
57.791563500289776,35.47912200477498,4.047398671316414,116.21171088331933,75.73986763290033,37.0,63.0,27.02181525436756,Femenino,Caucásico,32.0,Velocista
72.08863595004756,53.482149049644164,3.1395866347160477,112.50883231823356,47.74234336997659,49.0,51.0,23.286436943862093,Femenino,Asiático,20.0,Velocista
50.403298761202244,60.883172064845766,3.6154444557701746,106.88770118842655,45.3562511979018,32.0,68.0,22.591901259978556,Femenino,Latino,36.0,Velocista
56.71813951101569,57.809918677350325,5.0062928092144405,98.94751432812029,62.24451818559972,45.0,55.0,20.76573708202189,Femenino,Asiático,35.0,Velocista
71.96861235869123,48.77300480179406,3.423108130476851,75.08558599726013,70.47098302612154,58.0,42.0,23.58624653739898,Masculino,Caucásico,25.0,Fondista
77.3846657999541,52.918777496427246,4.835692112065142,106.44427328698879,76.83927691457869,38.0,62.0,,,Africano,34.0,Velocista
71.7136828118997,50.06999065341167,2.870293145342382,103.11531530744666,55.4111573713106,52.0,48.0,15.329163907013408,Femenino,Latino,25.0,Fondista
68.8435171761176,49.106352430557884,4.529804177915283,104.0736825579306,70.78680833431295,36.0,64.0,13.85767809852674,Femenino,Africano,,Velocista
66.98896304410711,63.496020970210246,5.4415686206579,80.84877136269536,59.61491530499293,57.0,43.0,19.60150500050954,Femenino,Latino,24.0,
55.214780096325725,58.57015485965047,1.5283554998727107,83.78415189387607,58.273727000591805,34.0,66.0,22.469134368754833,Femenino,Asiático,20.0,Velocista
62.801557916052914,48.070904047393455,3.203104744529523,115.79729279999356,68.83659937486672,,51.0,22.99591520186045,Femenino,,18.0,Velocista
65.39361229040213,63.995998754332504,4.57707212718054,99.40667269215018,66.52322878413419,,36.0,20.539728974472144,Masculino,Asiático,21.0,Fondista
80.57122226218915,58.072995208766095,3.7969546139570074,110.22251046058936,44.236078430157505,73.0,27.0,22.42550550142871,Masculino,Asiático,22.0,Fondista
73.43618289568461,63.1286211883896,4.371145873371309,100.42477564195691,74.76540349725896,30.0,70.0,21.177314928836406,Masculino,Asiático,18.0,Velocista
52.36959844637266,61.29628841923612,3.3960148132841796,100.44634209243618,73.80091354147451,59.0,41.0,19.002061727049586,Masculino,Africano,32.0,Fondista
73.24083969394795,46.710049890779274,4.0865897874729,,53.74437298490471,41.0,59.0,,Femenino,Asiático,22.0,Velocista
66.14917719583684,49.39818959803031,3.8443227646079206,92.25932907673939,63.95803533437409,49.0,51.0,24.43887133709695,Masculino,Caucásico,30.0,Velocista
63.23077999694041,62.472936051232615,5.167782061659807,101.44181165411474,64.94030186282738,35.0,65.0,19.13781475676103,Femenino,Caucásico,,Velocista
76.11676288840867,61.10370265433465,4.254420843301213,93.06587066942436,62.60673765823907,45.0,55.0,19.139186160940906,Femenino,Africano,25.0,Velocista
80.30999522495951,54.79098406035852,4.337602662075202,93.48255658851527,54.4969484615458,47.0,53.0,18.792248218143527,Femenino,Latino,22.0,Velocista
79.31280119116198,56.17327383308782,3.5881230338775327,95.3624181479704,53.283766320619485,37.0,63.0,,Masculino,Caucásico,26.0,Velocista
61.607824767773614,67.77664895788425,3.5123937759275066,103.3320065745057,59.744459290085544,62.0,38.0,20.559392877558945,Femenino,Latino,18.0,Fondista
66.90787624148786,49.0842861116417,3.567441812180379,92.81877067504784,71.72729019259364,61.0,39.0,24.142258338857594,Masculino,Africano,21.0,Fondista
73.31263431403563,60.470973811700375,4.394452142378297,118.83634188360281,65.43600154594432,53.0,47.0,22.52174825150129,Masculino,Latino,20.0,Fondista
79.75545127122359,52.97807347566106,3.579015519179737,86.58089046670744,56.29385667913894,38.0,62.0,21.49224734783108,Femenino,Latino,19.0,Velocista
65.2082576215471,52.8231879677278,4.289774856896413,97.19692533757961,67.71698710648344,41.0,59.0,22.387194394720506,Femenino,Latino,25.0,Velocista
68.14341023336183,65.9877685198719,6.075400798645439,93.40403412588738,31.514573793699245,67.0,33.0,20.533055537712524,Femenino,Latino,26.0,Fondista
58.93665025993972,63.2541634898803,4.8711247034316925,121.704668265306,71.48765700372104,51.0,49.0,16.156340088209582,Masculino,Africano,19.0,Fondista
58.037933759193294,63.135096360006386,3.673976467832159,102.94832164767362,42.60286221221901,43.0,57.0,24.351156345443698,Femenino,Caucásico,31.0,Velocista
78.12525822394198,68.05478807154329,5.201213922163944,115.47766809202952,56.37559058596868,65.0,35.0,25.213373721353953,Masculino,Asiático,31.0,Fondista
83.56240028570824,55.21003841632759,3.5919246269784484,77.71659440444542,48.803301053738565,62.0,38.0,19.81552967179664,Femenino,Latino,21.0,Fondista
69.27989878419666,61.81952971294964,1.9618754648221461,104.00575398803889,47.053185242790946,43.0,57.0,21.547493138180332,Femenino,Caucásico,23.0,Velocista
80.03532897892023,51.89733243406544,2.9919136890825957,113.34446193435156,71.6082678737852,34.0,66.0,21.28900248681952,Masculino,Caucásico,28.0,
73.61636025047635,58.24166352488442,2.1292080789741443,101.23425983913137,,49.0,51.0,23.053866428273626,Masculino,Africano,20.0,Velocista
63.54880245394876,53.698569456323156,3.6484865159586914,115.98220562598027,63.46503881730716,31.0,69.0,27.069680369878867,Masculino,Caucásico,25.0,Velocista
73.61395605508415,55.96995964992718,4.018418379189551,92.24067324849442,59.53079421120816,53.0,47.0,25.479373735867917,Masculino,Africano,20.0,Fondista
85.38036566465969,60.95157025436914,5.676437312275283,121.1402116027837,64.77040827223121,50.0,50.0,20.869257323758312,Masculino,,31.0,Velocista
69.64173960890048,46.81779316766527,4.326927373764162,134.48347185428875,60.768218910602556,31.0,69.0,23.62739158450071,Masculino,,30.0,Velocista
85.64643655814007,75.9238727568546,3.7808994711911357,94.55742159340511,47.1700777581143,56.0,44.0,25.763070605718138,Femenino,Asiático,30.0,Fondista
43.80254895910255,,4.829405581183489,93.31746217898842,69.9626681944714,38.0,62.0,23.225035493184333,Femenino,Asiático,19.0,Velocista
78.21902504375224,42.85811387212268,1.7888646909921149,121.80076715676552,55.06243416838687,30.0,70.0,21.985901786679484,Masculino,Asiático,30.0,Velocista
70.87047068238171,,4.235614558108566,123.69358218596068,44.434181013402494,40.0,60.0,23.33800028400156,Femenino,Caucásico,36.0,Velocista
67.00992649534132,62.91662693962936,4.770865193886967,92.15709959270097,55.718848390340874,32.0,68.0,19.89018543230958,Masculino,Latino,23.0,Velocista
70.91760776535503,61.24119817052155,2.5214137542201582,93.69719774356214,75.00759790634311,52.0,48.0,20.328156627687758,Femenino,Africano,33.0,Fondista
50.124310853991076,61.2834550926428,,95.7732308670924,68.50221742113493,31.0,69.0,18.807897294396707,Femenino,Asiático,19.0,Velocista
67.80328112162488,54.87753227153085,4.338496407494414,79.83324233448585,56.51347865592141,33.0,67.0,22.92119354971073,Masculino,Africano,25.0,Velocista
73.57112571511746,46.02745628514168,3.5847120860991986,86.22022080273703,56.50742295681571,32.0,68.0,21.605791281933286,Masculino,Africano,34.0,Velocista
84.77894044741517,55.75804558193726,4.632781866106285,84.93788849871898,56.783649487826175,35.0,65.0,19.53064581595576,Masculino,Asiático,19.0,Velocista
64.81729781726352,48.22838288487888,6.270692857804396,88.48303652343807,80.76747983560841,64.0,36.0,21.507461765138483,Femenino,Latino,27.0,Fondista
,64.7511973341775,4.1818662550584955,99.47972668919829,63.819354522315535,51.0,49.0,23.40999478228951,Masculino,Asiático,33.0,Fondista
64.98242956415463,53.52942618497861,4.248220586300336,103.5132209880478,64.3004164719107,40.0,60.0,27.744136917993977,Femenino,Africano,23.0,Velocista
,46.745028032074885,3.5406391004597557,123.25750739221115,70.30283454031843,40.0,60.0,25.036203594111576,Masculino,Asiático,19.0,Velocista
73.28751109659684,51.78614158347007,3.1501556305352083,85.02468938891813,62.387891590265134,51.0,49.0,15.14755642755298,Femenino,,19.0,Fondista
64.70239796232961,59.12931454275624,4.830335816544245,114.76483597714875,57.40957854179297,31.0,69.0,22.717925400461038,Femenino,Africano,30.0,Velocista
75.13267433113356,49.36275447196025,,96.79016733661737,58.03650150915022,71.0,29.0,26.287972788138564,Masculino,Asiático,32.0,Fondista
70.9707754934804,,4.071566237219392,99.2580443552135,59.283987405859364,41.0,59.0,17.9863795263693,Femenino,Caucásico,19.0,Velocista
79.68644990532889,57.436872114919126,3.5223425532348833,110.12229238249905,59.627777634901584,45.0,55.0,23.65467781063727,Femenino,Asiático,24.0,Velocista
62.979469061226474,57.44966571108723,4.478979825746392,83.15916967656553,67.2762954363698,69.0,31.0,21.29007344340686,Masculino,Caucásico,20.0,Fondista
66.72337853402232,,4.333662105286948,105.73614619276076,60.519458858072994,54.0,46.0,25.450871592748484,Femenino,Africano,25.0,Fondista
66.07891846867842,50.289616943816775,,102.49678312319584,67.3264007721558,41.0,59.0,23.212771585040358,Masculino,Africano,31.0,Velocista
55.364850518678814,57.32049937357636,3.489983601145253,107.38676896012224,59.19283419891418,47.0,53.0,19.34795363632238,Masculino,Caucásico,39.0,Velocista
72.96120277064576,40.51915658502676,3.7301250647066286,104.33752965861727,60.786351903160906,68.0,32.0,21.39744556512814,Masculino,Africano,24.0,
72.6105527217989,40.92536225623445,3.0212362842176925,136.8295020986634,40.01799315467892,49.0,51.0,21.57491297185713,Masculino,Caucásico,38.0,Velocista
70.05113456642461,47.81555778747564,3.555706739923888,90.43390023623026,69.16327674702481,50.0,50.0,21.630465355569854,Femenino,Caucásico,24.0,Velocista
67.65412866624852,52.86552848288153,4.377300493044852,,63.46488475897993,53.0,47.0,25.35778883432579,Femenino,Africano,18.0,Fondista
55.84629257949586,58.10907565598005,4.756988616645351,90.65289210362853,69.98010109859652,49.0,51.0,19.472140235829308,Femenino,Latino,34.0,Velocista
65.79354677234642,69.75356216949552,3.0778346758223747,91.66784321259618,31.037446218063106,49.0,51.0,,Masculino,Caucásico,26.0,Velocista
66.57285483473231,63.576596232020194,4.86960592010566,90.43919309040223,80.88374704780728,43.0,57.0,21.093250972235438,Femenino,Asiático,38.0,Velocista
61.97722730778381,53.40061470036573,5.3556378588049505,117.83524796661328,58.604103718448265,35.0,65.0,22.670533318987495,Femenino,,30.0,Velocista
68.3871428833399,54.80983792097311,4.413434903223701,121.30756371984782,71.08182816737516,32.0,68.0,22.217132758843103,Masculino,Africano,38.0,Velocista
74.04050856814538,44.97470635362191,5.876795812558066,91.43880559375785,49.60094072874469,45.0,55.0,21.934583985754497,Masculino,Latino,36.0,Velocista
88.8618590121053,54.8148686400761,3.226210800896427,87.51466640343656,66.12773905062569,,64.0,21.959191496664033,Femenino,Africano,38.0,Velocista
71.74577812831839,52.11341361079862,2.755345296688583,107.07123334579606,49.46584436826344,41.0,59.0,26.37207567481306,Masculino,Latino,36.0,Velocista
72.57550390722764,58.227185603380896,2.2212797510957216,91.71665433578544,53.76231039304195,38.0,62.0,24.527349774718434,Masculino,Caucásico,39.0,Velocista
69.25554084233833,46.727690564476774,5.496044311489183,109.49397726633266,79.14031353866787,44.0,56.0,20.91185293126021,Masculino,Caucásico,34.0,Velocista
50.812287847009586,60.193465142411725,4.654365656354058,103.04384531276949,58.09317599236653,50.0,50.0,26.748361762366272,Masculino,Caucásico,,
69.73486124550783,70.32738913002578,3.9444153290895447,77.26383827504152,62.17432873179723,41.0,59.0,22.82404322197856,Femenino,Caucásico,27.0,Velocista
70.60230209941027,53.91239851543143,4.27996862631982,123.21257801995093,68.70067730688754,31.0,69.0,23.072872777971682,Masculino,Asiático,21.0,Velocista
94.63242112485287,59.01711722098941,2.8745109527016233,126.93816509643283,64.95681887972604,56.0,44.0,19.488042762005826,Masculino,Asiático,25.0,Fondista
68.07639035218878,61.90143991711113,6.445751979616826,90.80816964273421,61.504189051435766,31.0,69.0,20.50750402478458,Masculino,Africano,39.0,Velocista
73.01547342333612,50.987795281141636,4.129221181975227,94.18447660096024,63.64961002466225,59.0,41.0,19.934489476218474,Masculino,Latino,37.0,Fondista
69.65288230294756,57.24092481810417,4.109394794604893,104.28798086087357,84.03415585238275,47.0,53.0,22.258218594981024,Masculino,Caucásico,37.0,Velocista
58.31321962380468,55.12592400781795,4.725766623898692,105.01685184980538,59.42381202966415,43.0,57.0,23.916349238344626,Masculino,Caucásico,35.0,Velocista
81.4282281451502,55.97676098548832,4.481009231736714,109.87816409009245,62.010990467149675,49.0,51.0,23.10169689826664,Masculino,Latino,31.0,Velocista
77.51933032686775,47.26990216144534,4.223884024279132,130.15306808149523,70.50654396007612,37.0,63.0,26.764132468208743,Masculino,Latino,35.0,Velocista
77.91031947043047,55.245101742589426,3.209525544554688,97.34579158758926,71.05525932957984,39.0,61.0,19.336725984366296,Femenino,Africano,31.0,Velocista
60.906125452052606,59.979982912454496,4.471468357135996,88.0255413319232,71.8703030556038,,65.0,22.344607130616648,Masculino,Latino,37.0,Velocista
84.02794310936099,69.51143607795042,5.882024496475034,79.31021157978209,66.38730222029184,31.0,69.0,18.151182012105117,Femenino,Caucásico,38.0,Velocista
55.98148937207719,64.59270826085206,5.3454200461549775,89.0360494008712,48.569950872695166,54.0,46.0,19.234387085190214,Masculino,Caucásico,32.0,Fondista
75.8685709380027,76.53182457511556,5.5931866266393975,,76.33431532301096,46.0,54.0,25.793735132015392,Masculino,Caucásico,39.0,Velocista
91.90455625809979,47.326524371119504,3.4887843235688147,126.91836795276681,48.53654606981312,49.0,51.0,20.610505400585602,Masculino,Caucásico,21.0,Velocista
60.09463674869312,63.723206367206785,3.010395179741419,92.23583051445743,63.02635465239033,51.0,49.0,19.589908611819187,Masculino,Caucásico,30.0,Fondista
64.33702270397228,56.83342005738352,3.874213079900352,103.35681927458347,52.45724149980642,42.0,,,Femenino,Africano,25.0,Velocista
70.99651365087641,76.89802933217672,4.055724912288695,99.75365655890872,59.35861653407007,30.0,70.0,19.559936056633248,Masculino,Caucásico,35.0,Velocista
64.965243458838,46.91701714644849,5.094191518470948,117.82589910172126,63.2876241030348,69.0,,21.384159177415064,Masculino,Africano,29.0,Fondista
54.493365689338674,46.602781578192236,2.307535370285181,137.90398638810433,63.21357215450273,40.0,60.0,17.927791120641366,Femenino,Caucásico,31.0,Velocista
70.68562974806028,49.00607354555978,5.529550319460614,92.03696840619519,64.21920754235285,34.0,66.0,21.211649833052594,Femenino,Asiático,19.0,Velocista
59.37696286273895,33.76104275690193,3.8419921014210106,92.65840836222667,76.13711269058646,32.0,68.0,25.81189318197467,Masculino,Asiático,35.0,Velocista
74.73592430635182,49.74244978319239,3.57311893005258,115.66241315603608,64.5353430151398,60.0,40.0,19.878083979015003,Femenino,Asiático,19.0,Fondista
60.80575765766197,47.40867338446302,2.9878956247398323,110.22837234439467,57.558433647093516,68.0,32.0,19.169850851890192,Femenino,Asiático,28.0,Fondista
,56.50393786476208,2.3451433281342307,127.7006098860405,69.64087168288357,35.0,65.0,18.628295599404723,Femenino,Africano,,Velocista
62.16746707663763,58.41755975777159,4.823170583961915,108.75892277988946,71.89470488924641,54.0,,18.5747077224526,Masculino,Africano,29.0,Fondista
66.77938483794324,73.76170839215887,4.073317967188403,94.61061863819411,47.72392184863008,35.0,65.0,23.60673234066529,Masculino,Latino,34.0,Velocista
78.1351721736967,64.5042383818605,2.710039100258946,108.85982246038463,65.97400069849859,41.0,59.0,22.14600621064915,Masculino,Caucásico,32.0,Velocista
57.69135683566045,49.23096344337597,2.704921227936384,116.63055370874362,67.01172742310898,35.0,65.0,,Femenino,Asiático,34.0,Velocista
72.2745993460413,46.01585328651642,,112.30723271796046,57.02436496640008,50.0,50.0,28.059513674962766,Masculino,,35.0,
83.07142754282428,59.919191715065054,5.669021525289393,107.60911046660947,73.75706813311619,58.0,42.0,16.508826604272556,Femenino,Caucásico,39.0,Fondista
53.92516765438772,41.797667929793576,3.740408648636395,116.00012034383731,58.499444129674735,33.0,67.0,23.14023612532532,Masculino,Caucásico,23.0,Velocista
71.84633858532304,73.31458765854353,2.496857046881894,117.5394338566851,61.255764534715425,49.0,51.0,18.64414199669932,Masculino,Africano,34.0,Velocista
72.59882794248423,66.79440120721287,3.754256935914056,120.7323848655629,,44.0,56.0,24.36669789410035,Femenino,Asiático,35.0,Velocista
77.81822871777311,50.30824347895295,3.7272764302523296,109.73064831384464,60.155790475814676,33.0,67.0,21.18426399677969,Masculino,Latino,25.0,Velocista
57.63049289121918,37.868654709091224,1.3031133570584283,97.49322879524719,49.037249131047986,59.0,41.0,22.08196828259252,Femenino,Caucásico,26.0,Fondista
56.795433869157236,68.53872374165412,3.9457051334821878,102.20070529649985,45.59949117405706,38.0,62.0,18.150467716210578,Femenino,Latino,23.0,Velocista
,53.85460154747382,3.769065469791322,118.09763449762535,75.94505063224972,56.0,44.0,20.7207189246605,Masculino,Asiático,22.0,Fondista
72.96984673233186,67.37816311973462,4.696206364813419,87.74596493519147,51.53038651681672,59.0,41.0,22.26898675332478,Femenino,Asiático,29.0,Fondista
72.50492850345877,,5.848956094945345,105.53009963309351,50.08607650543693,53.0,47.0,26.068234440420124,Masculino,Latino,28.0,Fondista
73.46448209496975,49.00624977046227,5.126565029547757,94.09991781508958,38.466098863962856,42.0,58.0,,Masculino,Asiático,18.0,Velocista
63.19975278421509,55.05243699718183,,100.43117234402226,53.610382523104974,60.0,40.0,,Femenino,Caucásico,28.0,Fondista
72.32253697161003,55.46980593764742,2.8934740912583297,119.17677793910948,,,57.0,,Masculino,Latino,36.0,Velocista
72.93072473298682,50.49934528520756,6.57335980324986,102.86648602029855,76.4201516013637,49.0,51.0,19.421979148902068,Femenino,Asiático,26.0,Velocista
62.85648581973632,61.228499323474985,4.059218434014488,100.69654822234223,70.09817089342634,47.0,,25.427155431922376,Masculino,Latino,19.0,Velocista
88.65774511144757,44.32379570617405,4.013929291912946,79.60215788530121,53.118496548222765,58.0,42.0,21.97274027582123,Masculino,Caucásico,29.0,Fondista
74.73832920911788,53.576205149787064,3.9758749128899966,111.19380349040831,82.52435805344308,35.0,65.0,22.909368884775528,Masculino,Asiático,21.0,Velocista
58.08696502797351,56.20295631711899,4.198084760767855,109.68226271711613,69.81765486991594,54.0,46.0,23.10256690752811,Masculino,Caucásico,21.0,Fondista
76.5655360863383,60.14438834058749,3.8556395880760577,132.44882084958192,56.75168616491378,31.0,69.0,20.151338339780175,,Asiático,35.0,Velocista
60.253183297726785,62.1161487808889,3.4263379931197635,95.38332647570499,35.005942851264265,50.0,50.0,23.169660458417184,Femenino,Africano,32.0,Velocista
77.87084603742451,43.75357908162131,3.453141058759608,103.28725491495908,,31.0,69.0,19.6828906470571,Femenino,Asiático,,Velocista
81.58595579007404,39.65885829264378,3.9672467297840015,103.74075525566133,46.10427533236404,52.0,48.0,20.49369098770336,Femenino,Latino,30.0,Fondista
61.7931768164829,67.7767682189851,3.4565752288662352,123.66179919645211,43.546012530431085,48.0,52.0,23.676072898099825,Femenino,Asiático,,Velocista
79.63376129244321,58.323140119795916,3.2871542173228354,98.57056701419572,70.2257043200964,,63.0,22.88018186692571,Femenino,Caucásico,34.0,Velocista
74.12780926936499,47.51513463443446,4.106430227691897,104.18532288655508,84.39752406339272,34.0,66.0,21.775105147482858,Femenino,Caucásico,23.0,Velocista
78.2206015999449,70.51151975522524,3.7450227825791447,109.11844764574809,73.84272818510519,48.0,52.0,18.223805052210967,Masculino,Asiático,33.0,Velocista
88.96792982653947,56.156746342928585,5.503992988582689,102.79913684734537,65.6390912005236,38.0,62.0,18.97252513195111,Masculino,Latino,29.0,Velocista
67.5461188399713,66.79297184063826,1.349030191606988,93.30349578174207,65.94754341665286,39.0,61.0,22.830127131714953,Femenino,Africano,,Velocista
62.4626383564251,55.67518481410109,5.091506851922462,102.91134989347461,68.53415558780307,48.0,,24.19642169045535,Femenino,Latino,22.0,Velocista
61.10485570374477,,5.246085192497629,116.10447624789659,67.58928589786765,,69.0,18.671063486437728,Masculino,Africano,34.0,Velocista
61.841897150345616,72.55340842443204,1.9266097675918505,84.6022705088341,62.811914239693756,40.0,60.0,19.4805242576435,Masculino,Caucásico,18.0,Velocista
69.22898290585896,52.51035851520926,,101.99454511220314,61.04201103951876,58.0,42.0,22.40255552253316,Masculino,Latino,27.0,Fondista
73.41151974816644,64.71570950954356,3.6285591340042087,89.4981877759124,59.374068721004775,52.0,48.0,22.33836358788728,Femenino,Africano,32.0,Fondista
72.7669079933002,61.45375949585147,2.5924883052821786,117.92569943387264,52.46035411133324,44.0,56.0,17.128128373716876,Femenino,Asiático,38.0,Velocista
78.27183249036024,68.68631557532349,3.2221833124091246,77.15219642824337,57.19324923133226,38.0,62.0,22.484689040319967,Femenino,Caucásico,38.0,Velocista
70.13001891877907,45.35076539419896,2.8894241545341712,91.61617229092617,43.07043185804615,37.0,63.0,20.204896569309344,Masculino,Asiático,28.0,Velocista
84.53534077157317,61.86051459998439,5.7522704434236225,105.65817812596781,59.0166037320525,34.0,66.0,26.923139889186874,Masculino,Caucásico,30.0,Velocista
67.35343166762044,65.58424486849587,4.9356783931474615,123.4828604385151,50.11408892849083,38.0,,22.74759562820697,Femenino,Latino,22.0,Velocista
97.20169166589619,37.41260513576886,5.2715550949941585,99.01374608390519,48.964106827842286,44.0,56.0,23.26442034962771,Femenino,Latino,18.0,Velocista
76.25667347765007,43.16741487334225,4.7216720640432355,91.67200709960203,61.798941511534785,34.0,66.0,23.34207790657183,Masculino,Caucásico,29.0,Velocista
61.42842443583717,34.607678222398995,2.870948228782771,128.21735604160887,73.920022863446,38.0,62.0,18.35821785804231,Masculino,Caucásico,,Velocista
59.29107501938888,52.305931655554424,3.4754797337202263,,69.18316606002313,39.0,61.0,,Masculino,Caucásico,34.0,Velocista
,62.17542255795962,4.489374561227918,67.01791065069878,44.29499396376823,65.0,35.0,17.13126625764648,Masculino,Latino,21.0,Fondista
67.7653721467415,70.02357052096028,2.7778721911080546,106.60021675079999,50.10371863429663,36.0,64.0,24.387109425099226,Femenino,Africano,32.0,Velocista
77.14000494092092,55.74094780419775,4.712998430172388,92.46918663471084,69.40771187988216,45.0,55.0,23.855991812441946,Masculino,Asiático,26.0,Velocista
74.73237624573545,71.28615545571292,,84.6815077430393,50.175126064616904,37.0,63.0,20.56899286026112,Masculino,Asiático,38.0,Velocista
69.27171087343127,41.198985417851084,3.6251791924504024,110.6253467094903,57.753668500029754,62.0,38.0,23.99935095014017,Masculino,Latino,37.0,Fondista
61.532062819315954,37.96617560644845,,103.65701070656799,65.50052099024552,33.0,67.0,21.047280403528788,Femenino,Asiático,36.0,Velocista
,54.44452301103381,4.44426331148604,91.53882053894907,50.31655545136365,,67.0,19.973615665432664,Femenino,,36.0,Velocista
65.53485047932979,58.840654489393074,3.6390338341809203,,61.0537550614596,68.0,32.0,23.408677508058783,Masculino,Africano,29.0,Fondista
78.56398794323472,54.67305251905907,5.159329803364248,,46.65974505081795,41.0,59.0,18.980317026736294,Masculino,Asiático,22.0,Velocista
72.14093744130204,34.325578999601234,,109.75301766937991,53.98632356048786,46.0,54.0,21.32723452372729,Masculino,Africano,27.0,Velocista
,54.10879960487212,4.615935606944264,98.51236204330925,63.19781934142537,49.0,51.0,20.21746975381013,Femenino,Caucásico,34.0,Velocista
71.73180925851182,41.95530499495147,4.593101257968383,127.69955494071499,44.070062664683306,39.0,61.0,,,,22.0,Velocista
73.85317379728836,61.69672548830039,3.69045356068601,,64.40474737960399,47.0,53.0,23.298185797390552,,Latino,39.0,Velocista
61.16142563798867,58.66598246096848,4.326133022242118,77.11712243612891,59.803622010733186,38.0,62.0,20.216900882961383,Masculino,Africano,33.0,Velocista
71.53725105945527,,2.748886423614697,89.62137895178134,65.52489954417148,56.0,44.0,21.423028260782907,Femenino,Caucásico,24.0,Fondista
70.58208718446,49.861330826633065,4.924027019206901,,62.23914134064661,68.0,32.0,20.490564244295257,,Africano,26.0,Fondista
,44.40786478111048,3.815097863557011,103.65009173984038,73.64140429973844,60.0,40.0,26.331989996723635,Masculino,Asiático,20.0,Fondista
73.57787360348283,54.37320902726828,,96.38145913215506,61.25224502647907,35.0,,23.02783719464167,Masculino,Asiático,32.0,
75.60784526368235,64.55142320501238,5.0490092258368895,105.28083094771445,55.70594458874747,42.0,58.0,22.66020889890016,,Latino,33.0,Velocista
80.83051243175277,45.14273953664456,3.295656309457241,81.22690863714334,61.222975030322836,36.0,64.0,24.050255513870272,Masculino,Caucásico,35.0,Velocista
80.53802052034902,60.040465155178445,2.5915387036364406,121.65646906109889,65.43298029036387,54.0,46.0,20.21759626967534,Femenino,Caucásico,31.0,Fondista
56.22330632042909,49.69742381627559,2.4433708264760963,98.76773232411146,,57.0,43.0,24.57777167499952,Femenino,Latino,20.0,Fondista
60.62174960084877,47.07127167737656,4.60600995134564,116.75943747382192,60.405916912038826,40.0,60.0,23.038533237498225,Masculino,Latino,29.0,Velocista
75.1503526720866,53.929696400454425,2.719570647503717,105.14088019566556,52.980083121932445,33.0,67.0,17.317327291737804,Masculino,Caucásico,26.0,Velocista
75.1378595091221,44.64757677580626,5.754794181984365,106.85129828730676,,36.0,64.0,17.715907500697707,Femenino,Africano,24.0,Velocista
75.15047686306048,49.46350694652818,1.918070592116278,108.54650920348305,45.97394728200307,66.0,34.0,20.283108841647802,Masculino,Africano,26.0,Fondista
108.52731490654722,43.021221074111516,5.696456368290038,106.71562840025973,77.4957674318694,45.0,55.0,18.03698051240449,Femenino,Latino,,Velocista
75.70890510693167,,4.211017467202619,109.64084139801315,47.56136764608715,34.0,66.0,21.285164617901252,Masculino,Africano,,Velocista
81.35565640180599,55.35263551971729,3.9032868881296077,119.93728795198646,53.07094802204092,,69.0,18.95878602575241,Femenino,Caucásico,22.0,Velocista
79.54001763493203,48.00274492007414,3.4550809131910505,102.94781754552206,52.81592734430802,55.0,45.0,21.706830840787244,,Asiático,30.0,Fondista
76.51391251305797,57.13979910734222,4.399136114352071,110.63505636382769,68.94924376944441,50.0,50.0,26.23512812779437,Femenino,Asiático,21.0,Velocista
66.84730755359655,53.8767195030917,3.9623652975751518,98.6539645856916,57.05050321707972,64.0,36.0,21.851869289331447,Femenino,Africano,19.0,Fondista
77.58969220493267,52.79030400466777,5.103301882016521,,72.47742072673734,44.0,56.0,21.091106635294214,Masculino,,33.0,Velocista
62.27174785462428,61.14166700043425,4.114227648662039,89.85411546911095,53.26509375756132,50.0,50.0,23.164727943356034,Masculino,Latino,26.0,Velocista
67.63181393259991,62.57507710047305,4.150301761461877,127.01410649366224,62.78994162223802,39.0,61.0,19.91074062123219,Femenino,Latino,26.0,Velocista
65.14636452170896,49.69498852389472,3.636387787786144,99.39763074033485,51.64652946740243,52.0,48.0,24.530242928188,Femenino,Latino,23.0,Fondista
70.81874139386322,49.2418175935532,3.9430543762789325,78.53837346822928,81.45149127773388,68.0,32.0,23.485638859372337,Masculino,Latino,28.0,Fondista
93.14658566673509,52.24948302848356,4.307801768892059,101.92156622366184,48.12401580970487,34.0,66.0,22.11659668614569,Masculino,Africano,39.0,Velocista
,31.98078835264415,2.289831607343374,89.78422513787679,63.09820710227027,30.0,70.0,22.46294749490076,Masculino,Asiático,39.0,Velocista
76.86260190374513,,2.651814577894287,112.60965323483086,66.33776880932099,42.0,58.0,28.125237731688557,Masculino,Asiático,18.0,Velocista
53.87284128810349,68.66874267444524,4.743264094022715,90.21064031046413,64.13799097451498,,50.0,24.826936630803605,Masculino,Africano,21.0,Velocista
65.28068134210567,71.44967713501283,4.170865438127942,93.3072485017783,58.147123411222914,44.0,56.0,28.598579893484,Masculino,Latino,30.0,
80.88950596967366,52.50963960443622,3.816016663647321,71.65688903581703,58.70179300266574,77.0,23.0,23.596090579877355,Femenino,,30.0,Fondista
70.64280019095463,60.765569630557664,4.018433933065393,93.21540521126386,60.438114719791095,34.0,66.0,17.584925671987936,Masculino,Asiático,30.0,Velocista
59.22255222070694,,4.347581705361671,63.64181010056565,58.529979983715116,50.0,50.0,21.213478891408478,Masculino,Caucásico,19.0,Velocista
62.84696290740032,85.78880808455239,3.4602403196906386,76.24145764771416,69.6387911679491,47.0,,16.899385376355802,Femenino,Africano,26.0,Velocista
76.79597748934675,66.19574911434577,3.2216952745976872,111.40621984216446,82.10523001591352,66.0,34.0,23.584909104000754,Masculino,Latino,25.0,Fondista
,53.72082408519233,4.195845255097682,111.78700237976248,54.425082149921664,57.0,43.0,24.236212592036203,Masculino,,24.0,Fondista
72.16458589581976,45.44459559399574,3.021627222384968,106.38186342677447,,46.0,54.0,,Masculino,Asiático,21.0,Velocista
,38.93553679742428,4.4082527557144715,85.4953578530618,,55.0,45.0,20.033090861059442,Masculino,Asiático,35.0,Fondista
63.483996523941826,57.03463635867223,2.2974163957621596,99.2843296578703,85.79709337654319,44.0,56.0,22.446252688705645,Masculino,Asiático,20.0,Velocista
91.43944089325325,47.436492547156966,5.029155637325644,99.94596191364147,51.963254320302696,43.0,57.0,18.405687810207347,Femenino,Latino,23.0,Velocista
76.33919022318011,40.77746290402326,4.472597482413043,82.62452966211185,76.39116805444067,60.0,40.0,18.180520692272403,Masculino,Caucásico,,Fondista
49.74857413342393,48.534271157574736,4.256029734313875,122.55097452650726,76.77700814076441,40.0,,25.715896144123363,Femenino,Asiático,29.0,Velocista
71.86454314769428,,4.982690983945514,113.16043435863507,54.46411758292005,42.0,58.0,22.344131854491906,Femenino,Africano,38.0,Velocista
63.38213535231612,71.87141635072564,5.665474444462577,96.68553739255503,65.68983079185276,55.0,45.0,20.325671926882134,Masculino,Caucásico,25.0,
78.52433334796224,63.816397569494505,5.014370065018131,100.40328758491796,,33.0,67.0,16.923643334328343,,Asiático,39.0,Velocista
62.07479261567299,54.92027358683383,2.1591257686683547,103.12574211921329,56.20872259012513,43.0,57.0,24.557054070683417,Masculino,Caucásico,39.0,Velocista
68.85263558533102,69.79944138890026,2.7204230332642982,69.37397697363565,57.964196398976384,35.0,65.0,19.946445363349092,Femenino,Africano,,Velocista
75.04987278980457,55.77368307647618,3.3751814223043213,96.29233926219105,54.18319086051356,47.0,53.0,27.582053337611615,Femenino,Asiático,21.0,Velocista
78.65755194170121,46.38715798671736,4.026091050210834,89.77023628003302,49.852432693071336,36.0,64.0,24.577930293080335,Masculino,Africano,38.0,Velocista
57.997035929442234,70.23124077269657,4.517659020469123,84.97569985157627,53.50722454933993,61.0,39.0,19.575574436778194,Masculino,Latino,28.0,Fondista
,60.38910043684659,3.2742561868465345,95.78349560671067,47.760597332377436,64.0,36.0,19.853584908605583,Masculino,Asiático,20.0,Fondista
65.25054688839043,44.62753845673544,4.1867667644770785,126.96529790274283,60.34083468259226,58.0,42.0,27.165553488832995,Masculino,Asiático,30.0,Fondista
63.46670767426288,53.09661321916392,3.2446170676466775,109.61264291900514,52.30026768941358,58.0,42.0,21.747221659496486,,,34.0,Fondista
87.65454240281096,46.24381746615243,3.388482197008052,91.43231515325805,,52.0,48.0,20.46006631502989,Femenino,Asiático,39.0,Fondista
74.04981710960955,41.172002690356635,2.5933389031517775,108.58874172034238,44.44104353796373,67.0,,22.08316506542971,Femenino,Latino,39.0,Fondista
